<?xml version="1.0" encoding="UTF-8"?>
<project name="copydeckdog" default="all">
  
  
  <property file="copydeckdog.properties"/>
  <!-- Uncomment the following property if no tests compilation is needed -->
  <!-- 
  <property name="skip.tests" value="true"/>
   -->
  
  <!-- Compiler options -->
  
  <property name="compiler.debug" value="on"/>
  <property name="compiler.generate.no.warnings" value="off"/>
  <property name="compiler.args" value=""/>
  <property name="compiler.max.memory" value="700m"/>
  <patternset id="ignored.files">
    <exclude name="**/*.hprof/**"/>
    <exclude name="**/*.pyc/**"/>
    <exclude name="**/*.pyo/**"/>
    <exclude name="**/*.rbc/**"/>
    <exclude name="**/*.yarb/**"/>
    <exclude name="**/*~/**"/>
    <exclude name="**/.DS_Store/**"/>
    <exclude name="**/.git/**"/>
    <exclude name="**/.hg/**"/>
    <exclude name="**/.svn/**"/>
    <exclude name="**/CVS/**"/>
    <exclude name="**/__pycache__/**"/>
    <exclude name="**/_svn/**"/>
    <exclude name="**/vssver.scc/**"/>
    <exclude name="**/vssver2.scc/**"/>
  </patternset>
  <patternset id="library.patterns">
    <include name="*.war"/>
    <include name="*.swc"/>
    <include name="*.zip"/>
    <include name="*.egg"/>
    <include name="*.ane"/>
    <include name="*.jar"/>
    <include name="*.ear"/>
  </patternset>
  <patternset id="compiler.resources">
    <exclude name="**/?*.java"/>
    <exclude name="**/?*.form"/>
    <exclude name="**/?*.class"/>
    <exclude name="**/?*.groovy"/>
    <exclude name="**/?*.scala"/>
    <exclude name="**/?*.flex"/>
    <exclude name="**/?*.kt"/>
    <exclude name="**/?*.clj"/>
    <exclude name="**/?*.aj"/>
  </patternset>
  
  <!-- JDK definitions -->
  
  <property name="jdk.bin.1.8" value="${jdk.home.1.8}/bin"/>
  <path id="jdk.classpath.1.8">
    <fileset dir="${jdk.home.1.8}">
      <include name="jre/lib/charsets.jar"/>
      <include name="jre/lib/deploy.jar"/>
      <include name="jre/lib/javaws.jar"/>
      <include name="jre/lib/jce.jar"/>
      <include name="jre/lib/jfr.jar"/>
      <include name="jre/lib/jfxswt.jar"/>
      <include name="jre/lib/jsse.jar"/>
      <include name="jre/lib/management-agent.jar"/>
      <include name="jre/lib/plugin.jar"/>
      <include name="jre/lib/resources.jar"/>
      <include name="jre/lib/rt.jar"/>
      <include name="jre/lib/ext/access-bridge-64.jar"/>
      <include name="jre/lib/ext/cldrdata.jar"/>
      <include name="jre/lib/ext/commons-lang-2.6.jar"/>
      <include name="jre/lib/ext/commons-logging-1.1.1.jar"/>
      <include name="jre/lib/ext/dnsns.jar"/>
      <include name="jre/lib/ext/hsqldb.jar"/>
      <include name="jre/lib/ext/jaccess.jar"/>
      <include name="jre/lib/ext/jackcess-2.0.8.jar"/>
      <include name="jre/lib/ext/jfxrt.jar"/>
      <include name="jre/lib/ext/localedata.jar"/>
      <include name="jre/lib/ext/nashorn.jar"/>
      <include name="jre/lib/ext/postgresql-9.4-1201.jdbc41.jar"/>
      <include name="jre/lib/ext/sunec.jar"/>
      <include name="jre/lib/ext/sunjce_provider.jar"/>
      <include name="jre/lib/ext/sunmscapi.jar"/>
      <include name="jre/lib/ext/sunpkcs11.jar"/>
      <include name="jre/lib/ext/zipfs.jar"/>
    </fileset>
  </path>
  
  <property name="project.jdk.home" value="${jdk.home.1.8}"/>
  <property name="project.jdk.bin" value="${jdk.bin.1.8}"/>
  <property name="project.jdk.classpath" value="jdk.classpath.1.8"/>
  
  
  <!-- Project Libraries -->
  
  <path id="library.gradle:_junit:junit:4.12.classpath">
    <pathelement location="${basedir}/../../Users/rome/.gradle/caches/modules-2/files-2.1/junit/junit/4.12/2973d150c0dc1fefe998f834810d68f278ea58ec/junit-4.12.jar"/>
  </path>
  
  <path id="library.gradle:_org.hamcrest:hamcrest-core:1.3.classpath">
    <pathelement location="${basedir}/../../Users/rome/.gradle/caches/modules-2/files-2.1/org.hamcrest/hamcrest-core/1.3/42a25dc3219429f0e5d060061f71acb49bf010a0/hamcrest-core-1.3.jar"/>
  </path>
  
  <path id="library.jsoup-1.10.2.classpath">
    <pathelement location="D:/sdk/jsoup-1.10.2.jar"/>
  </path>
  <!-- Register Custom Compiler Taskdefs -->
  <property name="javac2.home" value="${idea.home}/lib"/>
  <path id="javac2.classpath">
    <pathelement location="${javac2.home}/javac2.jar"/>
    <pathelement location="${javac2.home}/jdom.jar"/>
    <pathelement location="${javac2.home}/asm-all.jar"/>
    <pathelement location="${javac2.home}/jgoodies-forms.jar"/>
  </path>
  <target name="register.custom.compilers">
    <taskdef name="javac2" classname="com.intellij.ant.Javac2" classpathref="javac2.classpath"/>
    <taskdef name="instrumentIdeaExtensions" classname="com.intellij.ant.InstrumentIdeaExtensions" classpathref="javac2.classpath"/>
  </target>
  
  <!-- Modules -->
  
  <import file="${basedir}/.idea/modules/module_copydeckdog.xml"/>
  
  <import file="${basedir}/.idea/modules/module_copydeckdog_main.xml"/>
  
  <import file="${basedir}/.idea/modules/module_copydeckdog_test.xml"/>
  
  <target name="init" description="Build initialization">
    <!-- Perform any build initialization in this target -->
  </target>
  
  <target name="clean" depends="clean.module.copydeckdog, clean.module.copydeckdog_main, clean.module.copydeckdog_test" description="cleanup all"/>
  
  <target name="build.modules" depends="init, clean, compile.module.copydeckdog, compile.module.copydeckdog_main, compile.module.copydeckdog_test" description="build all modules"/>
  
  <target name="init.artifacts">
    <property name="artifacts.temp.dir" value="${basedir}/__artifacts_temp"/>
    <property name="artifact.output.copydeckdog:jar" value="${basedir}/out/artifacts/CopyDeckDog_jar"/>
    <mkdir dir="${artifacts.temp.dir}"/>
    <property name="temp.jar.path.CopyDeckDog.jar" value="${artifacts.temp.dir}/CopyDeckDog.jar"/>
  </target>
  
  <target name="artifact.copydeckdog:jar" depends="init.artifacts" description="Build &#39;CopyDeckDog:jar&#39; artifact">
    <property name="artifact.temp.output.copydeckdog:jar" value="${artifacts.temp.dir}/CopyDeckDog_jar"/>
    <mkdir dir="${artifact.temp.output.copydeckdog:jar}"/>
    <jar destfile="${temp.jar.path.CopyDeckDog.jar}" duplicate="preserve" filesetmanifest="mergewithoutmain">
      <zipfileset file="${basedir}/META-INF/MANIFEST.MF" prefix="META-INF"/>
    </jar>
    <copy file="${temp.jar.path.CopyDeckDog.jar}" tofile="${artifact.temp.output.copydeckdog:jar}/CopyDeckDog.jar"/>
  </target>
  
  <target name="build.all.artifacts" depends="artifact.copydeckdog:jar" description="Build all artifacts">
    <mkdir dir="${artifact.output.copydeckdog:jar}"/>
    <copy todir="${artifact.output.copydeckdog:jar}">
      <fileset dir="${artifact.temp.output.copydeckdog:jar}"/>
    </copy>
    
    <!-- Delete temporary files -->
    <delete dir="${artifacts.temp.dir}"/>
  </target>
  
  <target name="all" depends="build.modules, build.all.artifacts" description="build all"/>
</project>